{"version": 2, "env": {"SHELL": "/bin/bash", "TERM": "xterm"}, "height": 24, "timestamp": 1574875303, "width": 80}
[0.032056, "o", "\u001b]0;ausias@amUbu: ~\u0007ausias@amUbu:~$ "]
[2.303253, "o", "."]
[2.847262, "o", "/"]
[5.967071, "o", "c"]
[6.071202, "o", "o"]
[8.815244, "o", "\b\u001b[K"]
[9.031265, "o", "\b\u001b[K"]
[9.183341, "o", "\b\u001b[K"]
[9.367495, "o", "\b\u001b[K"]
[9.543185, "o", "\u0007"]
[9.735263, "o", "\u0007"]
[9.951368, "o", "c"]
[10.072729, "o", "d"]
[10.423414, "o", " "]
[11.378311, "o", "E"]
[11.775275, "o", "s"]
[11.964942, "o", "criptori/"]
[13.143233, "o", "\r\n"]
[13.144068, "o", "\u001b]0;ausias@amUbu: ~/Escriptori\u0007ausias@amUbu:~/Escriptori$ "]
[14.559249, "o", "."]
[15.087204, "o", "/"]
[16.750974, "o", "c"]
[17.495333, "o", "o"]
[17.743315, "o", "n"]
[17.919138, "o", "n"]
[18.015351, "o", "db.sh "]
[18.802142, "o", "\r\n"]
[18.80374, "o", "Usage: nomscript [-u usuari] [-h hostname] [-t]"]
[18.804681, "o", "\r\n"]
[18.805075, "o", "   -u   usuario de la base da datos (obligatorio)"]
[18.805403, "o", "\r\n"]
[18.805764, "o", "   -h   hostname donde se conectara (obligatori)"]
[18.806077, "o", "\r\n"]
[18.806386, "o", "   -p   puerto "]
[18.806694, "o", "\r\n"]
[18.806999, "o", "   -t   no se conecta,  solo comproba conexión"]
[18.80732, "o", "\r\n"]
[18.808278, "o", "\u001b]0;ausias@amUbu: ~/Escriptori\u0007ausias@amUbu:~/Escriptori$ "]
[21.159963, "o", "./conndb.sh "]
[23.67093, "o", "-"]
[24.470935, "o", "u"]
[25.473297, "o", "\r\n"]
[25.474881, "o", "Usage: nomscript [-u usuari] [-h hostname] [-t]"]
[25.475858, "o", "\r\n"]
[25.476333, "o", "   -u   usuario de la base da datos (obligatorio)"]
[25.47662, "o", "\r\n"]
[25.476895, "o", "   -h   hostname donde se conectara (obligatori)"]
[25.477163, "o", "\r\n"]
[25.477427, "o", "   -p   puerto "]
[25.477687, "o", "\r\n"]
[25.477863, "o", "   -t   no se conecta,  solo comproba conexión"]
[25.47804, "o", "\r\n"]
[25.478687, "o", "\u001b]0;ausias@amUbu: ~/Escriptori\u0007ausias@amUbu:~/Escriptori$ "]
[29.256067, "o", "./conndb.sh -u"]
[31.095129, "o", "\b\u001b[K"]
[31.303228, "o", "\b\u001b[K"]
[31.943237, "o", "-"]
[32.487389, "o", "h"]
[33.297504, "o", "\r\n"]
[33.299083, "o", "Usage: nomscript [-u usuari] [-h hostname] [-t]"]
[33.300061, "o", "\r\n"]
[33.300528, "o", "   -u   usuario de la base da datos (obligatorio)"]
[33.300817, "o", "\r\n"]
[33.301167, "o", "   -h   hostname donde se conectara (obligatori)"]
[33.301505, "o", "\r\n"]
[33.301869, "o", "   -p   puerto "]
[33.302137, "o", "\r\n"]
[33.302399, "o", "   -t   no se conecta,  solo comproba conexión"]
[33.303449, "o", "\r\n\u001b]0;ausias@amUbu: ~/Escriptori\u0007ausias@amUbu:~/Escriptori$ "]
[34.680025, "o", "./conndb.sh -h"]
[35.591161, "o", "\b\u001b[K"]
[35.823223, "o", "\b\u001b[K"]
[36.974982, "o", "-"]
[37.511252, "o", "p"]
[38.169662, "o", "\r\n"]
[38.171357, "o", "Usage: nomscript [-u usuari] [-h hostname] [-t]"]
[38.172264, "o", "\r\n"]
[38.172655, "o", "   -u   usuario de la base da datos (obligatorio)"]
[38.172955, "o", "\r\n"]
[38.173236, "o", "   -h   hostname donde se conectara (obligatori)"]
[38.173509, "o", "\r\n"]
[38.173801, "o", "   -p   puerto "]
[38.174066, "o", "\r\n"]
[38.174327, "o", "   -t   no se conecta,  solo comproba conexión"]
[38.174592, "o", "\r\n"]
[38.175543, "o", "\u001b]0;ausias@amUbu: ~/Escriptori\u0007ausias@amUbu:~/Escriptori$ "]
[40.031931, "o", "./conndb.sh -p"]
[41.558962, "o", "\b\u001b[K"]
[41.895299, "o", "\b\u001b[K"]
[42.559281, "o", "-"]
[42.983181, "o", "t"]
[43.369719, "o", "\r\n"]
[43.37141, "o", "Usage: nomscript [-u usuari] [-h hostname] [-t]"]
[43.372357, "o", "\r\n"]
[43.372681, "o", "   -u   usuario de la base da datos (obligatorio)"]
[43.372965, "o", "\r\n"]
[43.37324, "o", "   -h   hostname donde se conectara (obligatori)"]
[43.373509, "o", "\r\n"]
[43.373781, "o", "   -p   puerto "]
[43.374039, "o", "\r\n"]
[43.37425, "o", "   -t   no se conecta,  solo comproba conexión"]
[43.374455, "o", "\r\n"]
[43.375171, "o", "\u001b]0;ausias@amUbu: ~/Escriptori\u0007ausias@amUbu:~/Escriptori$ "]
[46.982937, "o", "e"]
[47.223206, "o", "x"]
[47.407162, "o", "i"]
[47.615201, "o", "t"]
[47.727839, "o", "\r\nexit\r\n"]
